Replication,Waiting Time arbitrary customer,Mean boat occupancy,Total Queue Length
1,0.0,0.465,0.09
1,0.0,0.48875,0.12
1,0.0,0.50375,0.29
1,0.0,0.435,0.09
1,0.0,0.51875,0.24
1,0.0,0.44,0.02
1,0.0,0.51125,0.24
1,0.0,0.49125,0.09
1,0.01,0.51,0.14
1,0.0,0.5275,0.15
1,0.01,0.53125,0.33
1,0.0,0.46625,0.11
1,0.01,0.50875,0.08
1,0.0,0.5525,0.33
1,0.0,0.38375,0.61
1,0.01,0.39875,0.4
1,0.0,0.36,0.09
1,0.01,0.4275,0.31
1,0.0,0.34375,0.14
